City_ID,City,Lat,Lng,Max Temp,Humidity,Cloudiness,Wind Speed,Country,Date
0,alice springs,-23.7,133.8833,67.55,24,0,16.11,AU,1683697793
1,inhambane,-23.865,35.3833,70.92,83,1,7.65,MZ,1683697793
2,uturoa,-16.7333,-151.4333,81.39,78,83,11.07,PF,1683697793
3,yellowknife,62.456,-114.3525,48.72,61,20,3.44,CA,1683697793
4,phan thiet,10.9333,108.1,87.24,66,51,10.02,VN,1683697582
5,kimbe,-5.5502,150.1429,83.08,85,100,1.25,PG,1683697794
6,edinburgh of the seven seas,-37.0676,-12.3116,54.52,62,34,21.77,SH,1683697794
7,flying fish cove,-10.4217,105.6791,83.88,83,100,12.66,CX,1683697794
8,hithadhoo,-0.6,73.0833,82.6,73,52,7.27,MV,1683697794
9,cidreira,-30.1811,-50.2056,58.98,88,0,6.82,BR,1683697794
10,margaret river,-33.95,115.0667,58.15,59,99,25.48,AU,1683697794
11,kostomuksha,64.571,30.5767,37.08,100,100,4.88,RU,1683697794
12,fiambala,-27.6871,-67.6149,58.96,49,0,6.89,AR,1683697795
13,moranbah,-22.0016,148.0466,72.77,39,1,16.28,AU,1683697795
14,howard springs,-12.497,131.047,87.98,43,82,7.58,AU,1683697795
15,albany,42.6001,-73.9662,45.81,71,2,1.01,US,1683697656
16,grytviken,-54.2811,-36.5092,33.98,99,100,7.23,GS,1683697795
17,maceio,-9.6658,-35.7353,72.84,100,40,4.61,BR,1683697795
18,rio gallegos,-51.6226,-69.2181,37.45,70,0,3.44,AR,1683697795
19,tofol,5.3248,163.0078,82.18,83,100,3.44,FM,1683697795
20,utrik,11.2278,169.8474,81.63,82,91,15.66,MH,1683697795
21,ratnagiri,16.9833,73.3,89.47,61,98,10.18,IN,1683697796
22,isiro,2.7739,27.616,66.61,99,100,2.08,CD,1683697796
23,beboto,8.2668,16.939,79.7,59,100,7.65,TD,1683697796
24,punta arenas,-53.15,-70.9167,28.51,100,0,3.44,CL,1683697768
25,ouro preto do oeste,-10.7481,-62.2158,69.98,99,50,4.05,BR,1683697792
26,puerto natales,-51.7236,-72.4875,34.61,92,82,2.21,CL,1683697796
27,fort bragg,35.139,-79.006,68.14,83,100,13.8,US,1683697796
28,stanley,54.868,-1.6985,47.79,94,7,1.14,GB,1683697796
29,st. john's,47.5649,-52.7093,36.93,82,75,31.07,CA,1683697649
30,mount isa,-20.7333,139.5,76.77,12,0,12.66,AU,1683697797
31,northam,51.0333,-4.2167,53.38,95,81,13.09,GB,1683697797
32,port-aux-francais,-49.35,70.2167,41.0,94,98,27.69,TF,1683697797
33,tiksi,71.6872,128.8694,14.43,80,44,17.11,RU,1683697797
34,adamstown,-25.066,-130.1015,71.87,56,97,10.65,PN,1683697797
35,waconia,44.8508,-93.7869,62.17,89,89,5.99,US,1683697797
36,bredasdorp,-34.5322,20.0403,56.86,81,99,3.15,ZA,1683697797
37,georgetown,5.4112,100.3354,93.13,66,20,10.36,MY,1683697513
38,sisimiut,66.9395,-53.6735,28.89,81,100,8.3,GL,1683697797
39,taltal,-25.4,-70.4833,62.67,78,26,3.4,CL,1683697798
40,isafjordur,66.0755,-23.124,38.93,95,100,3.6,IS,1683697798
41,hawaiian paradise park,19.5933,-154.9731,69.31,92,100,8.05,US,1683697798
42,boguchany,58.3814,97.4531,48.09,31,75,8.41,RU,1683697798
43,kudahuvadhoo,2.6708,72.8944,82.29,80,83,11.88,MV,1683697798
44,waitangi,-43.9535,-176.5597,61.83,94,100,11.99,NZ,1683697798
45,vilyuchinsk,52.9306,158.4028,48.47,77,30,3.27,RU,1683697798
46,hargeysa,9.56,44.065,77.13,55,71,16.67,SO,1683697798
47,tazovsky,67.4667,78.7,22.91,93,100,13.96,RU,1683697799
48,port elizabeth,-33.918,25.5701,59.31,98,0,2.3,ZA,1683697799
49,el matama,16.7095,33.3565,86.07,10,69,12.12,SD,1683697799
50,saudarkrokur,65.7461,-19.6394,37.92,99,100,1.28,IS,1683697799
51,whitehorse,60.7161,-135.0538,45.37,45,75,11.5,CA,1683697657
52,cabo san lucas,22.8909,-109.9124,76.51,65,20,13.91,MX,1683697799
53,iskateley,67.6803,53.1512,30.78,85,99,10.0,RU,1683697799
54,nar'yan-mar,67.6713,53.087,30.88,85,99,10.02,RU,1683697799
55,sinabang,2.4803,96.3801,86.36,66,92,10.38,ID,1683697800
56,papatowai,-46.5619,169.4708,42.62,90,67,23.53,NZ,1683697800
57,gadzhiyevo,69.2551,33.3362,36.07,100,100,6.87,RU,1683697800
58,blackmans bay,-43.0167,147.3167,57.72,64,52,9.08,AU,1683697800
59,thinadhoo,0.5333,72.9333,82.4,77,50,8.88,MV,1683697800
60,sydney,-33.8679,151.2073,69.58,57,0,11.5,AU,1683697456
61,verkhnevilyuysk,63.4453,120.3167,38.62,83,100,7.58,RU,1683697800
62,fort mcmurray,56.7268,-111.381,49.51,87,0,6.91,CA,1683697801
63,carauari,-4.8828,-66.8958,72.36,100,99,2.75,BR,1683697801
64,nambucca heads,-30.65,153.0,68.16,63,23,14.52,AU,1683697801
65,bethel,41.3712,-73.414,49.66,76,0,0.0,US,1683697763
66,gokwe,-18.2048,28.9349,60.94,51,1,5.91,ZW,1683697801
67,hamilton,39.1834,-84.5333,55.98,66,0,0.0,US,1683697534
68,fale old settlement,-9.3852,-171.2468,84.54,77,29,16.17,TK,1683697801
69,siwa oasis,29.2041,25.5195,74.61,36,82,18.05,EG,1683697802
70,lebu,-37.6167,-73.65,53.08,87,100,12.93,CL,1683697802
71,talnakh,69.4865,88.3972,11.21,86,85,6.82,RU,1683697802
72,humaita,-7.5061,-63.0208,72.16,99,63,2.82,BR,1683697802
73,port alfred,-33.5906,26.891,64.56,64,8,7.65,ZA,1683697802
74,seven pagodas,12.6264,80.1722,94.05,63,100,4.03,IN,1683697802
75,kruisfontein,-34.0033,24.7314,60.4,59,38,6.26,ZA,1683697803
76,kasongo-lunda,-6.4667,16.8167,70.61,76,8,1.16,CD,1683697803
77,cowra,-33.8333,148.6833,62.13,50,0,4.56,AU,1683697803
78,invercargill,-46.4,168.35,47.01,95,93,3.0,NZ,1683697803
79,brisas de zicatela,15.8369,-97.0419,83.14,76,32,9.01,MX,1683697803
80,yaren,-0.5472,166.916,84.11,77,86,14.99,NR,1683697803
81,ixtapa,20.7,-105.2,78.22,88,0,0.0,MX,1683697803
82,hilo,19.7297,-155.09,73.27,92,100,8.05,US,1683697698
83,glazov,58.1394,52.6584,53.06,53,7,5.46,RU,1683697804
84,tura,25.5198,90.2201,97.92,23,2,6.76,IN,1683697804
85,agat village,13.3886,144.6585,88.74,79,40,11.5,GU,1683697804
86,petrozavodsk,61.7849,34.3469,53.06,43,0,6.71,RU,1683697804
87,bereznik,62.8551,42.7072,53.19,68,96,3.38,RU,1683697804
88,mhamid,29.82,-5.72,77.54,16,0,3.78,MA,1683697804
89,kuqa,41.7278,82.9364,72.52,12,1,4.59,CN,1683697804
90,angaur state,6.906,134.13,84.65,68,76,0.96,PW,1683697804
91,maragogi,-9.0122,-35.2225,75.0,87,19,2.39,BR,1683697805
92,apt,43.8833,5.4,53.89,72,0,17.87,FR,1683697805
93,chonchi,-42.6128,-73.8092,54.61,98,100,1.95,CL,1683697637
94,bilibino,68.0546,166.4372,28.02,86,100,2.98,RU,1683697805
95,aasiaat,68.7098,-52.8699,16.57,90,32,2.35,GL,1683697805
96,poronaysk,49.2167,143.1167,41.95,65,99,10.02,RU,1683697805
97,nova sintra,14.8667,-24.7167,67.77,81,2,8.39,CV,1683697805
98,port hedland,-20.3167,118.5667,84.25,18,79,16.11,AU,1683697806
99,ribeira grande,38.5167,-28.7,64.78,97,93,17.0,PT,1683697806
100,belovo,54.4165,86.2976,52.12,29,100,10.83,RU,1683697806
101,east london,-33.0153,27.9116,63.54,72,0,6.91,ZA,1683697806
102,yeppoon,-23.1333,150.7333,74.98,65,0,12.1,AU,1683697806
103,ternate,0.8,127.4,84.52,72,16,5.68,ID,1683697806
104,onega,63.9061,38.1404,49.26,68,99,2.33,RU,1683697807
105,baker city,44.7749,-117.8344,46.18,91,0,3.44,US,1683697807
106,quellon,-43.1167,-73.6167,52.05,100,100,0.0,CL,1683697807
107,longyearbyen,78.2186,15.6401,30.04,69,75,9.22,SJ,1683697807
108,uruacu,-14.5247,-49.1408,68.47,65,100,2.84,BR,1683697807
109,acapulco de juarez,16.8634,-99.8901,84.02,79,20,3.44,MX,1683697807
110,robore,-18.3333,-59.75,64.45,98,77,2.13,BO,1683697807
111,ouesso,1.6136,16.0517,70.54,97,100,1.23,CG,1683697807
112,campoverde,-8.4753,-74.8058,73.09,96,98,2.55,PE,1683697808
113,rostovka,55.3842,71.8891,53.47,27,27,2.68,RU,1683697808
114,enewetak,11.3474,162.3373,81.27,84,94,17.45,MH,1683697808
115,siasi,5.5462,120.8145,84.43,73,100,9.28,PH,1683697808
116,kourou,5.1552,-52.6478,75.25,94,100,7.7,GF,1683697808
117,fisterra,42.9049,-9.2629,51.75,78,70,4.94,ES,1683697808
118,tual,-5.6667,132.75,79.0,91,100,18.16,ID,1683697808
119,constantia,44.1833,28.65,54.7,71,5,8.84,RO,1683697804
120,atafu village,-8.5421,-172.5159,84.36,77,20,16.44,TK,1683697809
121,manakara,-22.1333,48.0167,73.49,87,32,4.68,MG,1683697809
122,itoman,26.1247,127.6694,77.77,55,75,13.8,JP,1683697809
123,palmer,42.1584,-72.3287,46.0,77,0,0.0,US,1683697809
124,ferkessedougou,9.6,-5.2,77.99,62,59,6.58,CI,1683697809
125,dryden,49.7833,-92.7503,50.29,100,0,6.91,CA,1683697809
126,klyuchi,52.2667,79.1667,62.56,21,89,9.17,RU,1683697809
127,sinjar,36.3209,41.8754,76.71,27,0,1.14,IQ,1683697809
128,lihue,21.9789,-159.3672,78.04,79,75,16.11,US,1683697365
129,ushuaia,-54.8,-68.3,33.46,75,0,2.3,AR,1683697624
130,arraial do cabo,-22.9661,-42.0278,73.38,88,100,8.88,BR,1683697810
131,touros,-5.1989,-35.4608,76.93,86,31,10.45,BR,1683697810
132,ghat,24.9647,10.1728,64.92,40,55,12.03,LY,1683697557
133,new plymouth,-39.0667,174.0833,51.57,100,93,21.97,NZ,1683697523
134,mersa matruh,31.3525,27.2453,64.6,88,0,10.36,EG,1683697810
135,colonia,50.9333,6.95,56.97,92,100,8.05,DE,1683697600
136,dudinka,69.4058,86.1778,11.62,85,50,5.84,RU,1683697811
137,bikenibeu village,1.3673,173.1241,87.76,74,75,5.75,KI,1683697811
138,vorgashor,67.5833,63.95,28.96,92,99,8.34,RU,1683697811
139,marsa alam,25.0757,34.8918,78.39,41,0,8.57,EG,1683697811
140,tudela,42.0617,-1.6045,52.7,72,52,14.47,ES,1683697531
141,puerto ayora,-0.7393,-90.3518,76.55,100,28,9.37,EC,1683697811
142,beau vallon,-20.4189,57.6953,81.21,69,40,11.5,MU,1683697811
143,praia da vitoria,38.7333,-27.0667,64.76,88,40,15.61,PT,1683697812
144,wattegama,6.7989,81.4808,79.72,83,98,3.02,LK,1683697812
145,formosa do rio preto,-11.0483,-45.1931,69.1,73,72,0.74,BR,1683697812
146,ust-nera,64.5667,143.2,39.25,50,98,8.77,RU,1683697812
147,senador jose porfirio,-2.5908,-51.9542,73.83,97,39,1.81,BR,1683697812
148,neya,58.2972,43.8681,54.27,46,93,3.02,RU,1683697812
149,kapuskasing,49.4169,-82.4331,42.89,87,100,3.44,CA,1683697812
150,hadibu,12.65,54.0333,84.97,58,100,1.86,YE,1683697813
151,nieuw amsterdam,5.8833,-55.0833,79.02,88,98,7.85,SR,1683697813
152,hasaki,35.7333,140.8333,77.29,57,31,7.49,JP,1683697813
153,sydney mines,46.2367,-60.2177,37.9,78,20,8.05,CA,1683697813
154,port mathurin,-19.6833,63.4167,77.45,76,7,14.0,MU,1683697813
155,remire-montjoly,4.9167,-52.2667,75.24,100,75,10.36,GF,1683697813
156,muzo,5.5353,-74.1078,69.04,86,91,5.12,CO,1683697813
157,yakeshi,49.2833,120.7333,66.52,22,0,6.31,CN,1683697625
158,sur,22.5667,59.5289,93.97,33,5,6.71,OM,1683697814
159,newman,37.3138,-121.0208,59.23,50,47,1.99,US,1683697814
160,gao,16.6362,1.637,84.42,10,74,9.44,ML,1683697814
161,saint-philippe,-21.3585,55.7679,81.99,77,46,13.06,RE,1683697814
162,sokoni,-6.4333,39.55,80.46,78,72,14.72,TZ,1683697814
163,avarua,-21.2078,-159.775,77.05,83,75,14.97,CK,1683697649
164,mount gambier,-37.8333,140.7667,59.43,60,62,5.46,AU,1683697814
165,kolonia town,6.964,158.206,86.0,74,100,3.44,FM,1683697814
166,quezon,7.7303,125.0989,92.39,47,62,2.48,PH,1683697815
167,ta`u,-14.2336,-169.5144,82.8,71,68,15.05,AS,1683697815
168,kurmuk,10.55,34.2833,86.07,49,96,3.89,SD,1683697815
169,port saint john's,-31.6229,29.5448,64.44,75,1,6.26,ZA,1683697815
170,yarmouth,41.7057,-70.2286,51.01,74,0,5.01,US,1683697541
171,tete,-16.1564,33.5867,62.69,88,20,0.0,MZ,1683697815
172,port lincoln,-34.7333,135.8667,61.36,66,16,11.45,AU,1683697815
173,tara,56.8944,74.371,51.6,24,2,5.28,RU,1683697815
174,lorengau,-2.0226,147.2712,85.35,69,83,4.72,PG,1683697816
175,puerto aysen,-45.4,-72.7,45.27,97,91,1.03,CL,1683697816
176,wuwei,37.9281,102.6414,63.27,16,100,17.22,CN,1683697816
177,moussoro,13.6408,16.4901,88.07,14,97,1.72,TD,1683697816
178,charters towers,-20.1,146.2667,74.95,33,0,11.41,AU,1683697816
179,novodvinsk,64.4165,40.8122,45.43,76,99,3.94,RU,1683697816
180,mckenzie,47.7084,-103.4477,55.02,100,75,3.44,US,1683697816
181,castillos,-34.1667,-53.8333,53.01,79,95,4.92,UY,1683697817
182,kodiak,57.79,-152.4072,42.31,87,100,19.57,US,1683697817
183,tomatlan,19.9333,-105.25,73.6,82,0,2.04,MX,1683697817
184,floro,61.5996,5.0328,51.87,93,75,6.91,NO,1683697817
185,mournies,35.4764,24.0092,67.84,88,75,6.91,GR,1683697817
186,happy valley-goose bay,53.3168,-60.3315,32.31,59,75,19.57,CA,1683697817
187,urangan,-25.3,152.9,69.55,70,23,19.75,AU,1683697817
188,glace bay,46.1969,-59.957,36.79,79,20,8.05,CA,1683697818
189,new norfolk,-42.7826,147.0587,58.91,58,91,3.85,AU,1683697818
190,pingliang,35.5392,106.6861,52.02,74,100,15.66,CN,1683697818
191,shipunovo,52.1582,82.2173,58.06,54,95,7.96,RU,1683697818
192,coquimbo,-29.9533,-71.3436,53.33,100,100,3.44,CL,1683697818
193,fortuna foothills,32.6578,-114.4119,73.49,31,0,13.8,US,1683697818
194,saint-francois,46.4154,3.9054,49.68,95,98,10.04,FR,1683697818
195,argo,37.6333,22.7333,60.78,72,93,5.84,GR,1683697819
196,pilas,37.3034,-6.301,70.45,46,32,8.5,ES,1683697819
197,qaqortoq,60.7167,-46.0333,33.49,90,100,3.78,GL,1683697819
198,casper,42.8666,-106.3131,49.71,60,0,3.44,US,1683697819
199,kapa'a,22.0752,-159.319,78.78,79,75,16.11,US,1683697819
200,wakkanai,45.4094,141.6739,46.38,71,75,16.11,JP,1683697819
201,road town,18.4167,-64.6167,82.49,77,49,16.26,VG,1683697726
202,jamestown,42.097,-79.2353,47.84,72,0,1.99,US,1683697758
203,thohoyandou,-22.9456,30.485,61.65,78,2,1.52,ZA,1683697820
204,sitka,57.0531,-135.33,49.89,66,0,3.44,US,1683697667
205,gobabis,-22.45,18.9667,59.13,37,0,7.99,,1683697820
206,tajerouine,35.8917,8.5528,55.26,81,57,3.31,TN,1683697820
207,punta cana,18.5818,-68.4043,80.37,89,40,5.75,DO,1683697820
208,weno,7.4515,151.8468,85.95,79,100,9.22,FM,1683697820
209,ilulissat,69.2167,-51.1,28.42,86,100,6.91,GL,1683697820
210,ribeira brava,32.65,-17.0667,68.63,64,47,8.55,PT,1683697820
211,ryotsu-minato,38.0833,138.4333,60.64,61,0,8.1,JP,1683697821
212,santa elena de uairen,4.6167,-61.1333,66.76,93,100,3.49,VE,1683697821
213,brandon,27.9378,-82.2859,75.06,79,0,1.01,US,1683697821
214,akureyri,65.6835,-18.0878,40.93,93,100,4.61,IS,1683697821
215,west island,-12.1568,96.8225,84.18,84,75,16.11,CC,1683697821
216,at tall al kabir,30.5445,31.7853,68.11,50,0,12.8,EG,1683697821
217,gannan,47.9147,123.5031,67.87,12,0,5.06,CN,1683697821
218,whakatane,-37.9585,176.9854,60.51,80,24,1.01,NZ,1683697822
219,padangsidempuan,1.3667,99.2667,91.47,44,63,2.68,ID,1683697822
220,vadso,70.0744,29.7487,41.88,81,75,8.05,NO,1683697822
221,la passe,45.5549,-0.8967,55.98,79,43,13.18,FR,1683697822
222,kingston,17.997,-76.7936,76.24,90,71,2.15,JM,1683697773
223,kharp,66.8014,65.8081,32.95,94,99,2.35,RU,1683697822
224,narrabri,-30.3167,149.7833,73.53,36,0,1.01,AU,1683697822
225,kone,-21.0595,164.8658,72.34,66,83,7.23,NC,1683697822
226,chiredzi,-21.05,31.6667,66.36,76,5,3.06,ZW,1683697823
227,pacifica,37.6138,-122.4869,55.67,85,40,14.97,US,1683697823
228,rio grande,-32.035,-52.0986,51.94,76,60,7.4,BR,1683697823
229,nanning,22.8167,108.3167,75.65,94,100,2.8,CN,1683697823
230,makhambet,47.6667,51.5833,66.56,56,5,14.25,KZ,1683697823
231,fengxian,34.7039,116.5872,71.87,40,100,3.27,CN,1683697823
232,isola di capo rizzuto,38.96,17.0933,62.19,79,92,6.2,IT,1683697823
233,geraldton,-28.7667,114.6,73.81,68,75,17.27,AU,1683697649
234,college,64.8569,-147.8028,55.38,43,40,6.91,US,1683697712
235,cartagena del chaira,1.3349,-74.8429,72.41,99,100,2.42,CO,1683697566
236,olonkinbyen,70.9221,-8.7187,34.75,100,100,8.5,SJ,1683697824
237,gummidipundi,13.4,80.15,93.97,53,98,5.99,IN,1683697824
238,anadyr,64.75,177.4833,32.0,80,0,4.47,RU,1683697824
239,san antonio de pale,-1.4014,5.6325,82.33,80,64,9.82,GQ,1683697824
240,north battleford,52.7834,-108.2847,55.49,54,100,10.36,CA,1683697824
241,manokwari,-0.8667,134.0833,83.39,77,47,6.06,ID,1683697824
242,duong dong,10.2167,103.9667,89.6,70,40,5.75,VN,1683697824
243,udachny,66.4167,112.4,19.45,72,100,17.27,RU,1683697825
244,kailua-kona,19.6406,-155.9956,80.56,71,40,10.36,US,1683697825
245,guanajuato,21.0186,-101.2591,64.0,31,22,3.29,MX,1683697825
246,thompson,55.7435,-97.8558,55.56,76,75,3.44,CA,1683697825
247,lukolela,-1.0605,17.1821,70.39,95,100,2.13,CD,1683697825
248,uyuni,-20.4597,-66.825,40.46,32,90,3.76,BO,1683697825
249,svetlyy,54.675,20.1347,51.85,62,10,12.35,RU,1683697825
250,walvis bay,-22.9575,14.5053,50.95,93,3,8.05,,1683697825
251,staszow,50.5631,21.1659,48.92,65,29,13.49,PL,1683697826
252,ishigaki,24.3448,124.1572,78.93,69,40,11.5,JP,1683697826
253,luderitz,-26.6481,15.1594,61.21,58,80,4.27,,1683697826
254,pariaman,-0.619,100.12,89.65,59,65,7.7,ID,1683697826
255,buritizeiro,-17.3511,-44.9622,67.23,70,100,0.87,BR,1683697826
256,malindi,-3.2175,40.1191,80.76,78,40,0.0,KE,1683697826
257,isangel,-19.55,169.2667,82.51,78,75,4.61,VU,1683697826
258,port blair,11.6667,92.75,85.62,76,89,23.38,IN,1683697826
259,hermanus,-34.4187,19.2345,54.81,66,100,2.48,ZA,1683697827
260,meadow lakes,61.6247,-149.6011,47.91,58,100,5.75,US,1683697827
261,bontang,0.1333,117.5,84.78,70,100,2.21,ID,1683697827
262,tamanrasset,22.785,5.5228,58.91,18,44,6.91,DZ,1683697827
263,salalah,17.0151,54.0924,89.69,48,20,1.14,OM,1683697827
264,mejit,10.2753,170.8646,80.89,82,85,13.02,MH,1683697827
265,holualoa,19.6228,-155.9522,76.84,75,40,10.36,US,1683697661
266,kurkino,53.4257,38.6582,49.48,56,27,8.68,RU,1683697828
267,minas de marcona,-15.2119,-75.1103,58.33,89,47,8.16,PE,1683697828
268,bayanhongor,46.7167,100.1167,44.58,33,85,11.07,MN,1683697828
269,al bawiti,28.3492,28.8659,73.72,38,0,10.02,EG,1683697828
270,hadithah,34.1397,42.3781,80.92,27,0,5.03,IQ,1683697828
271,shepetivka,50.1855,27.0637,46.94,62,7,6.49,UA,1683697828
272,rikaze,29.25,88.8833,56.55,9,52,8.79,CN,1683697764
273,monkey bay,-14.0728,34.9201,70.25,71,1,11.97,MW,1683697828
274,iqaluit,63.7506,-68.5145,20.93,86,0,0.0,CA,1683697829
275,howrah,22.5892,88.3103,98.6,49,40,9.22,IN,1683697707
276,guane,22.2025,-84.0875,75.25,88,98,5.17,CU,1683697829
277,kirakira,-10.4544,161.9205,83.37,80,37,9.73,SB,1683697829
278,kerikeri,-35.2268,173.9474,57.9,83,44,10.4,NZ,1683697829
279,zhangjiakou,40.81,114.8794,76.5,17,63,9.84,CN,1683697830
280,nampula,-15.1165,39.2666,67.95,100,20,8.05,MZ,1683697830
281,ancud,-41.8697,-73.8203,51.78,96,95,6.11,CL,1683697830
282,gamba,-2.65,10.0,77.2,92,94,3.24,GA,1683697830
283,wailua homesteads,22.0669,-159.378,77.43,79,75,16.11,US,1683697830
284,keflavik,64.0049,-22.5624,46.83,100,75,4.61,IS,1683697831
285,pangody,65.85,74.4859,32.97,99,100,6.85,RU,1683697831
286,fernie,49.5,-115.0687,46.6,84,60,2.28,CA,1683697831
287,trairi,-3.2778,-39.2689,74.39,91,26,5.88,BR,1683697679
288,cannonvale,-20.2833,148.7,70.99,55,41,16.17,AU,1683697831
289,timbuktu,16.7735,-3.0074,84.76,21,47,12.88,ML,1683697831
290,kencong,-8.2833,113.3667,83.52,81,70,8.08,ID,1683697832
291,sault ste. marie,46.5168,-84.3333,52.36,62,0,4.61,CA,1683697832
292,axim,4.8699,-2.2405,80.26,84,54,5.95,GH,1683697832
293,codrington,-38.2667,141.9667,58.44,61,77,5.88,AU,1683697832
294,playa del ingles,27.7567,-15.5787,69.55,75,1,10.89,ES,1683697832
295,tabou,4.423,-7.3528,79.81,86,100,4.34,CI,1683697832
296,santa ana,33.7456,-117.8678,60.24,75,100,11.5,US,1683697630
297,bovalino,38.149,16.174,65.14,84,81,0.81,IT,1683697832
298,ciudad melchor muzquiz,27.8833,-101.5167,68.34,73,100,1.97,MX,1683697833
299,rabo de peixe,37.8,-25.5833,63.91,94,75,4.61,PT,1683697833
300,veinticinco de mayo,-35.4323,-60.1727,48.97,86,36,1.01,AR,1683697833
301,bintulu,3.1667,113.0333,91.81,58,20,3.44,MY,1683697833
302,petropavlovsk-kamchatsky,53.0452,158.6483,46.99,49,75,13.42,RU,1683697833
303,porto velho,-8.7619,-63.9039,77.05,88,20,2.3,BR,1683697826
304,belle fourche,44.6714,-103.8522,60.35,49,61,5.73,US,1683697833
305,jarabulus,36.8175,38.0111,71.94,44,58,2.8,SY,1683697833
306,old town,50.087,14.4202,56.32,71,0,10.36,CZ,1683697833
307,tongchuanshi,35.0806,109.0897,55.51,86,100,2.84,CN,1683697834
308,gazojak,41.1875,61.4036,88.63,10,82,10.11,TM,1683697834
309,nago,26.5881,127.9761,77.85,66,43,14.2,JP,1683697834
310,villa gesell,-37.2639,-56.973,46.06,73,43,12.21,AR,1683697834
311,ad darb,17.7229,42.2526,88.39,56,9,4.85,SA,1683697834
312,ypsonas,34.6884,32.9574,72.45,73,0,5.75,CY,1683697834
313,sevastopol,44.6,33.5333,53.01,52,11,4.0,UA,1683697644
314,susuman,62.7833,148.1667,41.88,65,27,13.98,RU,1683697834
315,priyutnoye,46.1011,43.5072,55.27,74,100,2.53,RU,1683697834
316,lompoc,34.6391,-120.4579,55.6,90,75,8.05,US,1683697545
317,borujen,31.9652,51.2873,66.43,28,34,19.53,IR,1683697835
318,saint-pierre,-21.3393,55.4781,82.56,54,0,3.44,RE,1683697835
319,vad,55.5301,44.2114,53.2,52,77,6.08,RU,1683697835
320,puerto baquerizo moreno,-0.9,-89.6,79.23,85,12,11.07,EC,1683697835
321,cabedelo,-6.9811,-34.8339,75.87,82,55,7.58,BR,1683697835
322,luau,-10.7073,22.2247,62.11,61,90,3.36,AO,1683697835
323,zakynthos,37.7914,20.8953,66.63,77,40,8.05,GR,1683697835
324,lamu,-2.2717,40.902,82.62,81,68,14.27,KE,1683697836
325,richards bay,-28.783,32.0377,66.94,83,98,10.54,ZA,1683697836
326,hammerfest,70.6634,23.6821,45.05,70,0,4.61,NO,1683697836
327,arroyito,-31.4202,-63.05,55.11,76,61,1.03,AR,1683697836
328,barra de santo antonio,-9.4047,-35.5072,72.68,83,3,4.0,BR,1683697836
329,caleta de carquin,-11.0925,-77.6267,70.54,88,27,9.04,PE,1683697836
330,inirida,3.8653,-67.9239,74.32,98,100,2.62,CO,1683697836
331,bafoulabe,13.8065,-10.8321,90.36,31,100,1.16,ML,1683697837
332,putnam,36.1667,-85.65,59.83,94,40,0.0,US,1683697837
333,selkirk,50.1436,-96.8845,62.67,68,40,3.0,CA,1683697807
334,karratha,-20.7377,116.8463,82.96,20,84,16.2,AU,1683697837
335,mermoz boabab,14.7065,-17.4758,73.96,84,64,6.55,SN,1683697837
336,baihe,22.15,107.2333,85.08,73,84,4.63,CN,1683697837
337,morant bay,17.8815,-76.4093,76.71,84,67,9.82,JM,1683697837
338,palmas,-10.2128,-48.3603,73.27,94,0,4.61,BR,1683697837
339,darwin,-12.4611,130.8418,88.05,33,0,11.99,AU,1683697838
340,las tablas,7.7667,-80.2833,78.17,99,88,8.9,PA,1683697838
341,aur,8.1499,171.1687,81.07,86,100,16.58,MH,1683697838
342,shaowu,27.3409,117.4831,80.58,59,42,1.77,CN,1683697838
343,afaahiti,-17.75,-149.2833,76.87,86,69,20.78,PF,1683697838
344,kotlas,61.2611,46.6556,52.92,62,97,5.06,RU,1683697838
345,mponela,-13.5319,33.7401,57.29,60,0,8.32,MW,1683697838
346,juneau,58.3019,-134.4197,53.6,82,100,5.75,US,1683697735
347,alofi,-19.0595,-169.9187,78.69,83,9,4.61,NU,1683697839
348,bocas del toro,9.3333,-82.25,80.58,78,38,6.87,PA,1683697839
349,ceres,37.5949,-120.9577,57.79,67,0,13.8,US,1683697839
350,anloga,5.7947,0.8973,83.97,78,48,12.5,GH,1683697839
351,herat,34.5,62.0,87.46,7,84,4.83,AF,1683697839
352,teple,48.3086,39.5737,40.8,95,100,12.86,UA,1683697839
353,ampanihy,-24.7,44.75,77.76,53,0,4.83,MG,1683697839
354,xining,36.6167,101.7667,48.9,48,100,4.23,CN,1683697840
355,queenstown,-31.8976,26.8753,57.42,39,5,2.82,ZA,1683697840
356,jeddah,21.5169,39.2192,78.66,53,0,10.36,SA,1683697840
357,salekhard,66.53,66.6019,31.1,91,89,2.35,RU,1683697840
358,creel,27.75,-107.6333,43.68,26,14,4.21,MX,1683697840
359,kodinsk,58.6881,99.1844,46.87,34,81,8.66,RU,1683697840
360,hlusk,52.903,28.6845,49.69,54,62,4.9,BY,1683697840
361,yuzhno-kurilsk,44.0306,145.8556,42.01,95,100,7.49,RU,1683697840
362,margate,51.3813,1.3862,53.87,87,94,5.99,GB,1683697840
363,retreat,38.8245,-85.8533,56.35,89,2,6.51,US,1683697841
364,merizo village,13.2658,144.6691,88.36,85,70,8.43,GU,1683697841
365,kununurra,-15.7667,128.7333,82.38,21,98,10.36,AU,1683697740
366,taoudenni,22.6783,-3.9836,83.7,16,99,7.67,ML,1683697841
367,camargo,27.6667,-105.1667,70.34,10,87,10.16,MX,1683697841
368,jiazi,22.8779,116.067,75.65,62,55,16.2,CN,1683697841
369,al fahahil,29.0825,48.1303,88.83,42,2,15.39,KW,1683697841
370,bel ombre,-4.6167,55.4167,85.84,70,20,11.5,SC,1683697842
371,panama city beach,30.1766,-85.8055,74.08,85,0,1.99,US,1683697607
372,selfoss,63.9331,-20.9971,48.04,92,100,4.32,IS,1683697842
373,palikir - national government center,6.9248,158.1611,84.94,74,100,3.44,FM,1683697842
374,vila franca do campo,37.7167,-25.4333,64.81,96,95,5.66,PT,1683697842
375,garissa,-0.4536,39.6401,81.21,65,84,17.09,KE,1683697842
376,mitu,1.1983,-70.1733,72.09,99,100,2.33,CO,1683697842
377,kayangel,8.0823,134.7173,84.31,70,29,1.86,PW,1683697842
378,wegrow,52.3995,22.0163,50.45,62,13,11.12,PL,1683697842
379,haiku-pauwela,20.9219,-156.3051,74.05,62,20,12.66,US,1683697843
380,arawa,-6.2132,155.5367,83.71,82,100,3.91,PG,1683697843
381,saint-denis,48.9167,2.3333,52.09,92,75,9.22,FR,1683697843
382,cill airne,52.05,-9.5167,49.93,92,96,12.88,IE,1683697843
383,genoa,44.4129,8.9573,63.34,94,75,2.3,IT,1683697843
384,aldinga beach,-35.2793,138.4604,67.42,68,12,3.04,AU,1683697843
385,ati,13.2154,18.3353,89.82,20,93,12.71,TD,1683697843
386,miguel alves,-4.1656,-42.8953,71.92,92,36,2.59,BR,1683697844
387,zuwarah,32.9312,12.082,65.93,76,7,19.98,LY,1683697844
388,choyr,46.3611,108.3611,60.78,29,100,14.29,MN,1683697844
389,arkhangel'sk,64.5401,40.5433,44.37,80,100,4.38,RU,1683697844
390,saipan,15.1355,145.701,88.5,100,20,12.66,MP,1683697844
391,port augusta,-32.5,137.7667,68.31,37,0,5.03,AU,1683697844
392,safidon,29.4167,76.6667,95.81,10,0,10.54,IN,1683697844
393,guerrero negro,27.9769,-114.0611,58.14,84,0,17.72,MX,1683697844
394,polyarnyy,69.1989,33.4478,36.68,100,100,7.49,RU,1683697845
395,tazacorte,28.629,-17.9293,67.17,77,0,18.41,ES,1683697845
396,saposoa,-6.934,-76.7716,68.41,99,99,1.23,PE,1683697845
397,le puy-en-velay,45.0437,3.8852,45.21,82,69,9.24,FR,1683697845
398,kargil,34.5667,76.1,35.17,41,0,2.24,IN,1683697845
399,maisi,43.0395,41.2621,56.07,75,100,4.27,GE,1683697845
400,port douglas,-16.4833,145.4667,74.71,62,67,16.24,AU,1683697845
401,nanao,37.05,136.9667,74.26,51,23,8.5,JP,1683697845
402,uacu cungo,-11.3634,15.1208,57.74,70,0,3.36,AO,1683697845
403,necochea,-38.5473,-58.7368,54.55,75,41,11.81,AR,1683697846
404,callao,-12.0667,-77.15,69.71,88,100,10.36,PE,1683697646
405,brokopondo,4.75,-55.1667,75.67,91,100,6.85,SR,1683697846
406,beyneu,45.3167,55.2,74.48,42,64,13.02,KZ,1683697846
407,campana,-34.1687,-58.9591,52.05,88,74,4.18,AR,1683697846
408,leh,34.1667,77.5833,36.37,22,3,4.61,IN,1683697620
409,las khorey,11.1595,48.1967,86.31,61,83,6.38,SO,1683697846
410,george town,5.4112,100.3354,93.13,66,20,10.36,MY,1683697649
411,wotho,10.1657,166.0102,81.16,84,97,13.15,MH,1683697846
412,vanimo,-2.6741,141.3028,84.58,76,63,7.38,PG,1683697847
413,belmonte,-15.8631,-38.8828,73.96,86,35,7.81,BR,1683697847
414,opuwo,-18.0607,13.84,67.3,35,0,5.59,,1683697847
415,pimentel,-6.8367,-79.9342,75.49,78,0,13.8,PE,1683697847
416,sheksna,59.21,38.5107,55.36,51,95,4.47,RU,1683697847
417,stung treng,13.5259,105.9683,98.62,39,32,1.5,KH,1683697847
418,bengkulu,-3.8004,102.2655,85.75,69,32,9.66,ID,1683697847
419,prince george,53.9166,-122.753,53.04,62,100,9.22,CA,1683697616
420,roccella ionica,38.322,16.4009,62.29,85,87,1.86,IT,1683697848
421,inarajan village,13.2736,144.7484,88.77,85,73,8.63,GU,1683697848
422,shitanjing,39.2342,106.3439,62.02,21,100,12.24,CN,1683697848
423,flin flon,54.7682,-101.865,48.07,88,46,4.47,CA,1683697848
424,carrollton,32.9537,-96.8903,76.93,76,40,6.91,US,1683697845
425,coruripe,-10.1256,-36.1756,74.86,83,11,1.61,BR,1683697848
426,labytnangi,66.6572,66.4183,31.59,90,91,1.97,RU,1683697848
427,butembo,0.15,29.2833,59.86,99,98,0.96,CD,1683697849
428,akita,39.7167,140.1167,61.74,67,75,17.27,JP,1683697702
429,bardai,11.65,7.2333,78.04,46,68,11.83,NG,1683697849
430,birjand,32.8663,59.2211,82.87,6,100,0.0,IR,1683697849
431,kolonia,50.9333,6.95,56.97,92,100,8.05,DE,1683697566
432,zhaotong,27.3167,103.7167,54.61,81,100,8.88,CN,1683697849
433,lae,-6.7221,146.9847,83.66,74,70,7.74,PG,1683697849
434,sao vicente,-23.9631,-46.3919,75.38,26,100,6.8,BR,1683697849
435,zeya,53.75,127.2667,57.25,41,66,3.58,RU,1683697849
436,ritchie,-29.038,24.6028,47.41,50,0,4.63,ZA,1683697850
437,canton,23.1167,113.25,80.55,55,92,5.55,CN,1683697559
438,tonosho,34.4833,134.1833,77.88,67,78,7.7,JP,1683697850
439,severo-yeniseyskiy,60.3725,93.0408,35.29,50,99,7.45,RU,1683697850
440,iranduba,-3.2847,-60.1861,79.09,97,99,1.57,BR,1683697850
441,kharovsk,59.9642,40.1912,53.78,45,96,3.58,RU,1683697850
442,velingrad,42.0272,23.9957,41.88,99,100,2.95,BG,1683697850
443,semenivka,52.1783,32.5818,48.63,58,49,8.14,UA,1683697850
444,vorkuta,67.5,64.0,30.15,93,99,7.72,RU,1683697851
445,dakhla,23.6848,-15.958,64.8,95,7,10.74,EH,1683697851
446,yamada,39.4667,141.95,58.33,57,27,6.06,JP,1683697851
447,celestun,20.8667,-90.4,83.53,64,8,15.08,MX,1683697851
448,tataouine,32.9297,10.4518,61.38,77,6,9.82,TN,1683697851
449,kontcha,7.9667,12.2333,78.37,63,100,3.71,CM,1683697851
450,winona,43.9666,-91.7668,58.8,93,0,0.0,US,1683697851
451,aosta,45.7667,7.4167,45.37,61,93,8.05,IT,1683697852
452,regeneracao,-6.2378,-42.6883,71.47,70,9,2.57,BR,1683697852
453,twante,16.7167,95.9333,93.33,48,100,13.44,MM,1683697852
454,zhoucheng,35.9122,116.3117,81.0,23,100,3.0,CN,1683697852
455,dahlonega,34.5326,-83.9849,67.39,92,1,4.61,US,1683697720
456,tadine,-21.55,167.8833,73.56,66,67,13.62,NC,1683697852
457,malango,-2.9627,119.9001,75.74,93,72,1.32,ID,1683697852
458,hassi messaoud,31.6804,6.0729,66.06,48,0,3.44,DZ,1683697852
459,kimberley,-28.7323,24.7623,46.09,87,0,0.0,ZA,1683697853
460,fortuna,40.5982,-124.1573,50.99,94,75,0.0,US,1683697853
461,banda aceh,5.5577,95.3222,89.11,57,71,11.36,ID,1683697853
462,hovd,48.0056,91.6419,61.0,25,15,4.85,MN,1683697853
463,magadan,59.5667,150.8,47.53,76,35,6.06,RU,1683697712
464,ina,35.8276,137.9538,74.46,31,55,2.89,JP,1683697853
465,san patricio,28.017,-97.5169,80.46,88,81,11.36,US,1683697853
466,houghton,47.1219,-88.569,51.78,58,0,5.75,US,1683697736
467,pangoa,-12.1167,-73.0,67.66,91,100,1.7,PE,1683697853
468,miracema do tocantins,-9.5618,-48.3967,74.35,75,64,1.79,BR,1683697854
469,ad dilam,23.9915,47.1627,93.61,10,23,14.7,SA,1683697854
470,eaglehawk,-36.7333,144.25,63.57,50,0,1.99,AU,1683697854
471,carutapera,-1.195,-46.02,75.76,93,97,4.34,BR,1683697854
472,jutai,-5.1833,-68.9,70.77,100,99,2.33,BR,1683697854
473,mount hagen,-5.8581,144.2274,77.76,53,40,9.22,PG,1683697854
474,fortaleza,-3.7227,-38.5247,80.73,83,40,6.91,BR,1683697800
475,torghay,49.6339,63.4981,79.3,26,99,9.51,KZ,1683697854
476,khandyga,62.6667,135.6,44.71,44,98,9.08,RU,1683697854
477,korla,41.7597,86.1469,71.24,17,0,4.25,CN,1683697855
478,yichang,30.7144,111.2847,60.94,89,100,1.59,CN,1683697855
479,ulysses,37.5814,-101.3552,64.69,72,0,27.63,US,1683697855
480,tralee,52.2704,-9.7026,50.52,91,95,17.34,IE,1683697855
481,kotido,2.9806,34.1331,69.98,80,97,5.64,UG,1683697855
482,xinzhou,38.4092,112.7333,69.48,29,99,4.41,CN,1683697855
483,nabire,-3.3667,135.4833,84.96,73,98,4.0,ID,1683697855
484,slave lake,55.2834,-114.769,55.38,67,100,4.61,CA,1683697856
485,rundu,-17.9333,19.7667,62.19,39,0,3.42,,1683697856
486,sao domingos do maranhao,-5.5758,-44.3853,70.86,80,33,3.44,BR,1683697856
487,haymana,39.4321,32.4973,54.0,68,89,2.21,TR,1683697856
488,amursk,50.2261,136.8994,52.07,36,98,10.31,RU,1683697856
489,clear lake,43.138,-93.3794,58.86,80,0,9.22,US,1683697720
490,markovo,57.3206,107.0881,43.3,92,100,8.41,RU,1683697856
491,tremonton,41.7119,-112.1655,58.66,33,0,5.75,US,1683697792
492,poso,-1.3959,120.7524,85.03,76,74,3.71,ID,1683697857
493,portland,45.5234,-122.6762,55.15,77,4,1.99,US,1683697845
494,nogliki,51.8333,143.1667,33.87,91,100,10.22,RU,1683697857
495,pisco,-13.7,-76.2167,68.05,83,100,6.91,PE,1683697857
496,barano d'ischia,40.718,13.9309,62.2,92,99,4.0,IT,1683697857
497,sao joao da barra,-21.6403,-41.0511,73.09,85,92,3.91,BR,1683697857
498,bodo,67.28,14.405,50.04,78,75,2.3,NO,1683697857
499,solleftea,63.1667,17.2667,55.8,52,100,6.35,SE,1683697857
500,banjarmasin,-3.3244,114.591,84.34,55,93,3.2,ID,1683697857
501,sheldon,43.1811,-95.8561,58.1,92,0,6.91,US,1683697858
502,birao,10.2849,22.7882,86.16,45,99,9.06,CF,1683697858
503,mwene-ditu,-7.0,23.45,66.76,80,100,3.58,CD,1683697858
504,egremont,54.4794,-3.5276,51.48,94,64,7.63,GB,1683697858
505,chokwe,-24.5333,32.9833,68.27,71,1,5.53,MZ,1683697858
506,maroua,10.591,14.3159,88.56,14,95,5.39,CM,1683697858
507,broome,42.2506,-75.833,44.65,74,0,1.99,US,1683697859
508,istaravshan,39.9142,69.0033,77.07,22,1,9.08,TJ,1683697859
509,rongelap,11.1635,166.8941,81.64,83,96,16.2,MH,1683697859
510,bochum-hordel,51.5017,7.1756,56.75,95,100,3.0,DE,1683697859
511,san luis ixcan,15.7872,-91.095,77.2,66,87,2.48,GT,1683697859
512,port sudan,19.6175,37.2164,82.24,43,9,8.52,SD,1683697859
513,kiunga,-6.1219,141.2906,83.98,87,88,3.47,PG,1683697859
514,barclayville,4.6797,-8.2339,78.04,90,100,2.21,LR,1683697859
515,badger,64.8,-147.5333,55.31,32,20,6.91,US,1683697859
516,illizi,26.4833,8.4667,60.6,39,38,0.65,DZ,1683697860
517,dabou,5.3256,-4.3769,80.74,84,100,5.37,CI,1683697860
518,constitucion,-35.3333,-72.4167,56.26,58,87,6.2,CL,1683697856
519,crane,31.3974,-102.3501,72.16,61,75,22.93,US,1683697860
520,tuy hoa,13.0833,109.3,86.13,67,97,8.9,VN,1683697860
521,khvoynaya,58.9,34.5333,56.32,44,62,2.66,RU,1683697860
522,mongoumba,3.6415,18.5936,73.51,81,100,3.18,CF,1683697860
523,tarawa,1.419,172.984,87.89,74,75,5.75,KI,1683697860
524,zalishchyky,48.6447,25.7339,47.73,73,6,6.93,UA,1683697861
525,marat,25.0701,45.4615,89.56,13,56,4.9,SA,1683697861
526,san juan de miraflores,-12.1629,-76.9635,68.16,89,88,7.38,PE,1683697861
527,savanna-la-mar,18.219,-78.1332,82.35,85,65,1.16,JM,1683697861
528,conception bay south,47.4999,-52.9981,36.7,83,36,25.46,CA,1683697750
529,timimoun,29.2639,0.231,68.38,18,0,2.3,DZ,1683697861
530,ulsteinvik,62.3432,5.8487,54.91,89,100,0.98,NO,1683697861
531,tolanaro,-25.0319,46.9987,73.47,88,20,6.91,MG,1683697862
532,kovdor,67.5662,30.4758,37.51,100,100,4.12,RU,1683697862
533,gebeit,21.0667,36.3167,80.53,19,4,6.24,SD,1683697862
534,vilyuysk,63.7553,121.6247,41.32,86,100,10.09,RU,1683697862
535,kegeyli shahar,42.7767,59.6078,82.49,18,100,11.7,UZ,1683697862
536,guarapari,-20.6667,-40.4975,69.89,90,88,4.16,BR,1683697862
537,bridgewater,44.3835,-64.5155,40.68,83,32,4.61,CA,1683697862
538,sanger,36.708,-119.556,63.97,68,0,17.27,US,1683697862
539,harstad,68.799,16.5293,48.61,79,97,13.0,NO,1683697863
540,lake city,30.1897,-82.6393,71.65,94,0,3.44,US,1683697600
541,mata-utu,-13.2816,-176.1745,83.01,77,4,9.66,WF,1683697863
542,lubuklinggau,-3.3,102.8667,89.62,54,42,3.96,ID,1683697863
